question,answer
What is Lendeavor?,Lendeavor is a financing platform that connects business owners with tailored funding options from a trusted network of lenders.
Who can use Lendeavor?,Business owners across various industries in the U.S.
Is Lendeavor a direct lender or a broker?,Lendeavor is a marketplace that matches you with loan offers from multiple partners.
Does Lendeavor fund all U.S. states?,Yes our services are accessible nationwide.
What types of loans do you offer?,"We offer Revenue Based Financing Business Term Loans Lines of Credit Equipment Financing Invoice Factoring and more."
What is the interest rate range?,Rates vary based on lender credit profile and product. Contact us for a custom quote.
How much can I borrow?,Funding ranges from 10000 to 5 million depending on eligibility.
How is my loan amount determined?,Lenders evaluate revenue balances deposits credit time in business and industry.
What is the typical loan term?,"Revenue based financing 6 to 24 months secured loans 5 to 25 years."
How do I apply for funding?,Go to https://lndvr.com/quick-apply/ complete the form and submit documents.
What documents do I need?,"Typically 4 months of bank statements and an application. Additional docs may be required."
How long does the application process take?,Initial application takes minutes and funding can happen within 24 hours.
Can I pause and resume the application?,Yes your progress is saved.
What happens after I submit?,A funding specialist reviews your file and matches lenders.
Who is eligible to apply?,Any US Canada or Puerto Rico business owner with a valid tax ID.
How long do I need to be in business?,At least 6 months is preferred.
What credit score is required?,Around 600 preferred but not required.
Do I need a co-signer or collateral?,Not required for MCA but may be needed for other products.
How long does approval take?,Many approvals happen within hours.
How will I receive funds?,Funds are deposited via ACH or wire.
Can I track my application?,Yes via email SMS and your funding specialist.
Can I finance equipment?,Yes equipment financing is available.
Do you offer working capital?,Yes flexible working capital solutions are available.
Can I refinance a loan?,Yes we help refinance or consolidate loans.
When do repayments start?,Typically immediately after funding depending on structure.
What repayment options exist?,Monthly weekly or daily payments depending on loan type.
Can I repay early?,Yes most lenders allow early repayment with discounts.
How do I make payments?,Usually auto ACH deductions from your business account.
Is my data safe?,Yes we use encryption and secure systems.
How is my data protected?,Through SSL secure servers and access control.
Do you share my data?,Only with lending partners for processing not marketing.
How do I create an account?,Go to https://lndvr.com/signup/ and register.
What if I forget password?,Use https://lndvr.com/forgot-password/ to reset.
How do I contact support?,Email info@lendeavorusa.com or visit https://lndvr.com/contact/.
What makes Lendeavor different?,We focus on speed flexibility and tailored solutions.
Can I speak to an advisor?,Yes via phone email text or Zoom.
Are there fees to apply?,No applying is free.
Is your service free?,Yes you only pay when a deal closes.
What products do you offer?,"Working Capital Term Loan Line of Credit RBF SBA Loans Equipment Financing Invoice Factoring and more."
Can I join affiliate program?,Yes
How to signup for affiliate?,Visit https://lndvr.com/affiliate-partner/
How does affiliate program work?,"Sign up share leads and earn commission after funding."
Can I sell my business?,Yes
How does selling work?,"Submit form we find buyers you choose best offer and close the deal."